Question,Answer,Sources
What is the location of the pituitary gland?,Located in the bony sella turcica at the base of the brain.,[S2]
What are the two main anatomical regions of the pituitary gland?,Anterior lobe (adenohypophysis) and posterior lobe (neurohypophysis).,[S2]
What structure regulates pituitary gland secretion?,The hypothalamus regulates pituitary secretion.,[S2]
What is the function of the pituitary gland?,"It is the ""master control gland"" that makes hormones affecting growth and other glands.",[S3]
What is the most common type of pituitary tumor?,Most pituitary tumors are non-functional and do not cause symptoms.,[S3]
What endocrine diseases can pituitary tumors cause?,Cushing's syndrome and hyperthyroidism.,[S3]
What are common symptoms of pituitary tumors?,"Headaches, vision problems, nausea, and vomiting.",[S3]
What is the most common hormonal effect of pituitary adenomas?,Hypersecretion of hormones leading to endocrine diseases.,[S4]
What are the potential effects of pituitary adenomas?,They can cause hormonal imbalances and visual field loss.,[S4]
What is the treatment of choice for acromegaly and Cushing's disease?,Transsphenoidal surgery.,[S4]
What is a therapeutic option for pituitary adenomas when surgery is not effective?,Pituitary irradiation.,[S4]
What are modern treatment options for pituitary tumors?,"Medications, radiation therapy, and chemotherapy.",[S4]
What is the significance of the arterial supply to the pituitary gland?,It is important for surgical planning and clinical relevance.,[S1]
What is the blood supply to the pituitary gland?,Not fully detailed in the provided evidence.,[S1]
What is the enhancement pattern of the normal canine pituitary gland in CT?,It shows a bi-exponential enhancement pattern with a half-time of 16.5 minutes.,[S5]
What is the mean Hounsfield unit value of the pituitary gland during contrast decline?,35.0% ± 4.4% above pre-contrast values.,[S5]
What is the purpose of dynamic CT of the pituitary gland?,It helps diagnose microadenomas and small macroadenomas early.,[S5]
What is the origin of the anterior pituitary?,Emerges from embryonic ectoderm.,[S2]
How many hormones does the anterior pituitary secrete?,Five hormones from five different endocrine cell types.,[S2]
What are the hormones secreted by the anterior pituitary?,"Growth hormone (GH), thyroid-stimulating hormone (TSH), adrenocorticotropic hormone (ACTH), follicle-stimulating hormone (FSH), luteinizing hormone (LH), and prolactin.",[S2]
What is the role of the posterior pituitary?,It stores and releases hormones produced by the hypothalamus.,[S2]
What is the intermediate lobe of the pituitary gland?,A small region between the anterior and posterior lobes.,[S2]
What is the prevalence of pituitary gland tumors in the population?,"Approximately 75.67 per 100,000 people.",[S4]
What imaging test is used to diagnose pituitary tumors?,Brain MRI.,[S3]
What laboratory test is used to assess pituitary function?,Adrenocorticotropic hormone (ACTH) testing.,[S3]
What is the clinical relevance of pituitary adenomas?,"Depends on size, location, hormonal secretion, and visual field loss.",[S4]
What is the primary diagnostic approach for pituitary adenomas?,"Physical exam, laboratory tests, and imaging procedures.",[S4]
What is the significance of hormonal hypersecretion in pituitary tumors?,"It can lead to conditions like hyperprolactinemia, acromegaly, and Cushing's disease.",[S4]
What is the role of economic analysis in pituitary tumor treatment?,"It influences decisions based on safety, efficacy, and cost-effectiveness.",[S4]
